{"cameraMode":{"drawMode":0,"name":"Shaded","section":"Shading Mode"},"sceneLighting":true,"audioPlay":false,"sceneViewState":{"showFog":true,"showMaterialUpdate":false,"showSkybox":true,"showFlares":true,"showImageEffects":true,"showParticleSystems":true},"in2DMode":false,"pivot":{"x":0.7707604765892029,"y":-2.7592785358428957,"z":-4.642256736755371},"rotation":{"x":0.18776637315750123,"y":-0.36768007278442385,"z":0.07606489211320877,"w":0.907620906829834},"size":19.740825653076173,"orthographic":false}