{"cameraMode":{"drawMode":0,"name":"Shaded","section":"Shading Mode"},"sceneLighting":true,"audioPlay":false,"sceneViewState":{"showFog":true,"showMaterialUpdate":false,"showSkybox":true,"showFlares":true,"showImageEffects":true,"showParticleSystems":true},"in2DMode":false,"pivot":{"x":11.539259910583496,"y":-0.3539775609970093,"z":8.23625659942627},"rotation":{"x":-0.08835607767105103,"y":0.027581030502915384,"z":-0.0024877178948372604,"w":-0.9957862496376038},"size":4.535172939300537,"orthographic":false}