{"cameraMode":{"drawMode":0,"name":"Shaded","section":"Shading Mode"},"sceneLighting":false,"audioPlay":false,"sceneViewState":{"showFog":true,"showMaterialUpdate":false,"showSkybox":false,"showFlares":true,"showImageEffects":true,"showParticleSystems":true},"in2DMode":false,"pivot":{"x":11.0,"y":-1.0679237842559815,"z":2.999988555908203},"rotation":{"x":-0.03793543577194214,"y":0.9615851044654846,"z":-0.2074929177761078,"w":-0.17638570070266725},"size":1.332470178604126,"orthographic":false}