{"cameraMode":{"drawMode":0,"name":"Shaded","section":"Shading Mode"},"sceneLighting":false,"audioPlay":false,"sceneViewState":{"showFog":true,"showMaterialUpdate":false,"showSkybox":false,"showFlares":true,"showImageEffects":true,"showParticleSystems":true},"in2DMode":false,"pivot":{"x":14.100000381469727,"y":0.16000008583068849,"z":1.0599998235702515},"rotation":{"x":-0.03793543577194214,"y":0.9615851044654846,"z":-0.2074929177761078,"w":-0.17638570070266725},"size":2.006913185119629,"orthographic":false}